[{"_id":{"$oid":"64a1f8be11ce3182b1098dc1"},"nome":"RPCW","descricao":"Representação e Processamento de Conhecimento na Web","professores":["professor@mail.com"],"alunos":["diogo@mail.com"],"posts":[{"title":"Inicio das Aulas","description":"As aulas vão ter começo dia 26/03.","comments":[],"publishedBy":"professor@mail.com","id_meta":"","_id":{"$oid":"64a1fb9211ce3182b10990bc"}}],"visibilidade":"privado","regente":"professor@mail.com","estado":true,"__v":0},
{"_id":{"$oid":"64a1f8cd11ce3182b1098dea"},"nome":"EG","descricao":"Engenharia Gramatical","professores":["professor@mail.com"],"alunos":["diogo@mail.com"],"posts":[{"title":"Final das aulas.","description":"As aulas terminam na próxima semana.","comments":[],"publishedBy":"professor@mail.com","id_meta":"","_id":{"$oid":"64a1fc7111ce3182b1099238"}}],"visibilidade":"privado","regente":"professor@mail.com","estado":true,"__v":0},
{"_id":{"$oid":"64a1f95411ce3182b1098e02"},"nome":"SPLN","descricao":"Scripting no Processamento de Linguagem Natural","professores":["professor@mail.com"],"alunos":["diogo@mail.com"],"posts":[],"visibilidade":"publico","regente":"professor@mail.com","estado":true,"__v":0}
]
