[{"_id":{"$oid":"64a1f80e11ce3182b1098d7b"},"username":"admin@admin.pt","notificacao":[{"descricao":"Bem vindo!","lida":true,"_id":{"$oid":"64a1f80e11ce3182b1098d7c"}}],"pedido":[{"tipo":"criarCurso","feitoPor":"professor@mail.com","info":"O utilzador professor@mail.com pediu para criar o curso RPCW","respondido":true,"aceite":true,"curso":"64a1f8be11ce3182b1098dc1","_id":{"$oid":"64a1f8be11ce3182b1098dc3"}},{"tipo":"criarCurso","feitoPor":"professor@mail.com","info":"O utilzador professor@mail.com pediu para criar o curso EG","respondido":true,"aceite":true,"curso":"64a1f8cd11ce3182b1098dea","_id":{"$oid":"64a1f8cd11ce3182b1098dec"}},{"tipo":"criarCurso","feitoPor":"professor@mail.com","info":"O utilzador professor@mail.com pediu para criar o curso SPLN","respondido":true,"aceite":true,"curso":"64a1f95411ce3182b1098e02","_id":{"$oid":"64a1f95411ce3182b1098e04"}}],"__v":0},
{"_id":{"$oid":"64a1f8a511ce3182b1098db0"},"username":"diogo@mail.com","notificacao":[{"descricao":"Bem vindo!","lida":true,"_id":{"$oid":"64a1f8a511ce3182b1098db1"}},{"descricao":"O seu pedido para entrar no curso EG foi aceite.","lida":true,"link":"/cursos/64a1f8cd11ce3182b1098dea","_id":{"$oid":"64a1fa1b11ce3182b1098f7e"}},{"descricao":"O seu pedido para entrar no curso RPCW foi aceite.","lida":true,"link":"/cursos/64a1f8be11ce3182b1098dc1","_id":{"$oid":"64a1fa1d11ce3182b1098f9b"}},{"descricao":"Foi adicionado um novo ficheiro","lida":true,"link":"/files/64a1fa8e11ce3182b1098feb","_id":{"$oid":"64a1fa8e11ce3182b1098fee"}},{"descricao":"Inicio das Aulas: As aulas vão ter começo dia 26/03.","lida":false,"link":"/cursos/64a1f8be11ce3182b1098dc1/posts/64a1fb9211ce3182b10990bc","_id":{"$oid":"64a1fb9211ce3182b10990c0"}},{"descricao":"Final das aulas.: As aulas terminam na próxima semana.","lida":false,"link":"/cursos/64a1f8cd11ce3182b1098dea/posts/64a1fc7111ce3182b1099238","_id":{"$oid":"64a1fc7111ce3182b109923c"}}],"pedido":[],"__v":0},
{"_id":{"$oid":"64a1f8b111ce3182b1098db4"},"username":"professor@mail.com","notificacao":[{"descricao":"Bem vindo!","lida":true,"_id":{"$oid":"64a1f8b111ce3182b1098db5"}},{"descricao":"O seu pedido para criar o curso undefined foi aceite.","lida":true,"link":"/cursos/undefined","_id":{"$oid":"64a1f9db11ce3182b1098e75"}},{"descricao":"O seu pedido para criar o curso undefined foi aceite.","lida":true,"link":"/cursos/undefined","_id":{"$oid":"64a1f9dd11ce3182b1098e8c"}},{"descricao":"O seu pedido para criar o curso undefined foi aceite.","lida":true,"link":"/cursos/undefined","_id":{"$oid":"64a1f9df11ce3182b1098ea4"}}],"pedido":[{"tipo":"pedido","feitoPor":"diogo@mail.com","info":"O utilzador diogo@mail.com solicitou a entrada no curso EG.","respondido":true,"aceite":true,"curso":"64a1f8cd11ce3182b1098dea","_id":{"$oid":"64a1f9f611ce3182b1098ecd"}},{"tipo":"pedido","feitoPor":"diogo@mail.com","info":"O utilzador diogo@mail.com solicitou a entrada no curso RPCW.","respondido":true,"aceite":true,"curso":"64a1f8be11ce3182b1098dc1","_id":{"$oid":"64a1f9fa11ce3182b1098eee"}}],"__v":0}
]